-- MySQL dump 10.13  Distrib 8.0.25, for Win64 (x86_64)
--
-- Host: localhost    Database: hotel
-- ------------------------------------------------------
-- Server version	8.0.25

/*!40101 SET @OLD_CHARACTER_SET_CLIENT=@@CHARACTER_SET_CLIENT */;
/*!40101 SET @OLD_CHARACTER_SET_RESULTS=@@CHARACTER_SET_RESULTS */;
/*!40101 SET @OLD_COLLATION_CONNECTION=@@COLLATION_CONNECTION */;
/*!50503 SET NAMES utf8mb4 */;
/*!40103 SET @OLD_TIME_ZONE=@@TIME_ZONE */;
/*!40103 SET TIME_ZONE='+00:00' */;
/*!40014 SET @OLD_UNIQUE_CHECKS=@@UNIQUE_CHECKS, UNIQUE_CHECKS=0 */;
/*!40014 SET @OLD_FOREIGN_KEY_CHECKS=@@FOREIGN_KEY_CHECKS, FOREIGN_KEY_CHECKS=0 */;
/*!40101 SET @OLD_SQL_MODE=@@SQL_MODE, SQL_MODE='NO_AUTO_VALUE_ON_ZERO' */;
/*!40111 SET @OLD_SQL_NOTES=@@SQL_NOTES, SQL_NOTES=0 */;

--
-- Table structure for table `rent`
--

DROP TABLE IF EXISTS `rent`;
/*!40101 SET @saved_cs_client     = @@character_set_client */;
/*!50503 SET character_set_client = utf8mb4 */;
CREATE TABLE `rent` (
  `id` int NOT NULL AUTO_INCREMENT,
  `room_id` int NOT NULL,
  `tenant_id` int NOT NULL,
  `beg_of_period` date NOT NULL,
  `end_of_period` date NOT NULL,
  PRIMARY KEY (`id`),
  KEY `room_id` (`room_id`),
  KEY `tenant_id` (`tenant_id`),
  CONSTRAINT `rent_ibfk_1` FOREIGN KEY (`room_id`) REFERENCES `room` (`id`) ON DELETE CASCADE ON UPDATE CASCADE,
  CONSTRAINT `rent_ibfk_2` FOREIGN KEY (`tenant_id`) REFERENCES `tenant` (`id`) ON DELETE CASCADE ON UPDATE CASCADE
) ENGINE=InnoDB AUTO_INCREMENT=6 DEFAULT CHARSET=utf8mb4 COLLATE=utf8mb4_0900_ai_ci;
/*!40101 SET character_set_client = @saved_cs_client */;

--
-- Dumping data for table `rent`
--

LOCK TABLES `rent` WRITE;
/*!40000 ALTER TABLE `rent` DISABLE KEYS */;
INSERT INTO `rent` VALUES (2,16,206,'2001-01-01','2001-01-01'),(3,12,207,'2001-01-01','2001-01-01'),(4,5,208,'2001-02-02','2002-02-02'),(5,5,209,'2001-02-02','2002-02-02');
/*!40000 ALTER TABLE `rent` ENABLE KEYS */;
UNLOCK TABLES;

--
-- Table structure for table `room`
--

DROP TABLE IF EXISTS `room`;
/*!40101 SET @saved_cs_client     = @@character_set_client */;
/*!50503 SET character_set_client = utf8mb4 */;
CREATE TABLE `room` (
  `id` int NOT NULL AUTO_INCREMENT,
  `busy` tinyint(1) NOT NULL,
  `cost` decimal(8,2) NOT NULL,
  `double_beds` int NOT NULL,
  `single_beds` int NOT NULL,
  `showers` int NOT NULL,
  `toilets` int NOT NULL,
  PRIMARY KEY (`id`),
  KEY `busy` (`busy`)
) ENGINE=InnoDB AUTO_INCREMENT=57 DEFAULT CHARSET=utf8mb4 COLLATE=utf8mb4_0900_ai_ci;
/*!40101 SET character_set_client = @saved_cs_client */;

--
-- Dumping data for table `room`
--

LOCK TABLES `room` WRITE;
/*!40000 ALTER TABLE `room` DISABLE KEYS */;
INSERT INTO `room` VALUES (1,1,9600.90,1,0,1,1),(2,0,7088.10,0,4,3,3),(3,0,5149.75,3,0,2,2),(4,0,9228.37,0,2,2,0),(5,0,12830.18,3,1,1,0),(6,0,9195.57,0,2,3,2),(7,0,13463.48,3,0,2,3),(8,0,6926.68,0,5,2,3),(9,0,2682.12,3,5,0,2),(10,0,4084.83,1,0,0,1),(11,0,7970.89,2,1,2,3),(12,0,3998.00,3,5,0,1),(13,0,10588.50,0,1,3,3),(14,0,11936.45,0,1,2,2),(15,0,13435.91,2,2,1,2),(16,0,9995.64,0,1,3,3),(17,0,2649.83,3,2,1,2),(18,0,7858.22,1,2,0,3),(19,0,9159.36,3,2,1,1),(20,0,11843.46,3,5,3,3),(21,0,3897.37,1,5,1,2),(22,0,2399.33,0,5,3,2),(23,0,10664.40,2,1,2,3),(24,0,8540.47,2,3,1,1),(25,0,4209.53,3,0,1,1),(26,0,3313.41,3,0,3,2),(27,0,4003.89,0,2,0,2),(28,0,7172.05,1,2,3,2),(29,0,6397.35,2,2,2,3),(30,0,4062.22,1,2,1,1),(31,0,10572.40,2,5,3,3),(32,0,5558.44,3,4,1,1),(33,0,10020.51,1,5,0,3),(34,0,7062.09,2,2,2,1),(35,0,12177.15,0,1,3,1),(36,0,2756.50,3,4,0,1),(37,0,11609.70,0,2,0,1),(38,0,3941.75,1,0,2,1),(39,0,11130.25,3,1,0,3),(40,0,9651.11,3,3,2,3),(41,0,12937.77,1,0,3,2),(42,0,13263.80,3,1,3,2),(43,0,2331.54,1,2,1,3),(44,0,3475.43,0,1,3,3),(45,0,13942.06,2,5,3,2),(46,0,6882.76,0,2,1,1),(47,0,10301.11,2,5,3,1),(48,0,9603.20,0,5,1,2),(49,0,9755.13,1,2,1,2),(50,0,5641.33,0,1,1,3),(51,0,11288.71,2,3,0,3),(52,0,7208.82,3,0,0,2),(53,0,9435.17,0,5,3,2),(54,0,10131.01,1,5,2,1),(55,0,12167.17,0,5,2,1),(56,0,4246.47,1,0,0,1);
/*!40000 ALTER TABLE `room` ENABLE KEYS */;
UNLOCK TABLES;

--
-- Table structure for table `room_service`
--

DROP TABLE IF EXISTS `room_service`;
/*!40101 SET @saved_cs_client     = @@character_set_client */;
/*!50503 SET character_set_client = utf8mb4 */;
CREATE TABLE `room_service` (
  `room_id` int NOT NULL,
  `staff_id` int NOT NULL,
  KEY `room_id` (`room_id`),
  KEY `staff_id` (`staff_id`),
  CONSTRAINT `room_service_ibfk_1` FOREIGN KEY (`room_id`) REFERENCES `room` (`id`) ON DELETE CASCADE ON UPDATE CASCADE,
  CONSTRAINT `room_service_ibfk_2` FOREIGN KEY (`staff_id`) REFERENCES `staff` (`id`) ON DELETE CASCADE ON UPDATE CASCADE
) ENGINE=InnoDB DEFAULT CHARSET=utf8mb4 COLLATE=utf8mb4_0900_ai_ci;
/*!40101 SET character_set_client = @saved_cs_client */;

--
-- Dumping data for table `room_service`
--

LOCK TABLES `room_service` WRITE;
/*!40000 ALTER TABLE `room_service` DISABLE KEYS */;
INSERT INTO `room_service` VALUES (1,2);
/*!40000 ALTER TABLE `room_service` ENABLE KEYS */;
UNLOCK TABLES;

--
-- Table structure for table `staff`
--

DROP TABLE IF EXISTS `staff`;
/*!40101 SET @saved_cs_client     = @@character_set_client */;
/*!50503 SET character_set_client = utf8mb4 */;
CREATE TABLE `staff` (
  `id` int NOT NULL AUTO_INCREMENT,
  `full_name` varchar(64) NOT NULL,
  `hiring_date` date NOT NULL,
  `dismissal_date` date DEFAULT NULL,
  PRIMARY KEY (`id`)
) ENGINE=InnoDB AUTO_INCREMENT=3 DEFAULT CHARSET=utf8mb4 COLLATE=utf8mb4_0900_ai_ci;
/*!40101 SET character_set_client = @saved_cs_client */;

--
-- Dumping data for table `staff`
--

LOCK TABLES `staff` WRITE;
/*!40000 ALTER TABLE `staff` DISABLE KEYS */;
INSERT INTO `staff` VALUES (1,'George','2021-10-06',NULL),(2,'Anthony','2020-11-10',NULL);
/*!40000 ALTER TABLE `staff` ENABLE KEYS */;
UNLOCK TABLES;

--
-- Table structure for table `tenant`
--

DROP TABLE IF EXISTS `tenant`;
/*!40101 SET @saved_cs_client     = @@character_set_client */;
/*!50503 SET character_set_client = utf8mb4 */;
CREATE TABLE `tenant` (
  `id` int NOT NULL AUTO_INCREMENT,
  `user_id` int NOT NULL,
  `full_name` varchar(64) NOT NULL,
  `doc_type` varchar(32) NOT NULL,
  `doc_number` varchar(32) NOT NULL,
  `date_of_birth` date NOT NULL,
  `phone` char(11) DEFAULT NULL,
  `email` varchar(64) DEFAULT NULL,
  PRIMARY KEY (`id`),
  UNIQUE KEY `doc_number` (`doc_number`),
  UNIQUE KEY `phone` (`phone`),
  UNIQUE KEY `email` (`email`),
  KEY `user_id` (`user_id`),
  CONSTRAINT `tenant_ibfk_1` FOREIGN KEY (`user_id`) REFERENCES `user` (`id`) ON DELETE CASCADE ON UPDATE CASCADE
) ENGINE=InnoDB AUTO_INCREMENT=210 DEFAULT CHARSET=utf8mb4 COLLATE=utf8mb4_0900_ai_ci;
/*!40101 SET character_set_client = @saved_cs_client */;

--
-- Dumping data for table `tenant`
--

LOCK TABLES `tenant` WRITE;
/*!40000 ALTER TABLE `tenant` DISABLE KEYS */;
INSERT INTO `tenant` VALUES (56,2,'Иосиф Егорович Варенщук','Пасспорт України','536428','1991-10-18','38066211523',NULL),(57,2,'Marshall Sheldon','United States Passport','663585','1985-06-19','13804592236',NULL),(58,2,'Robert Harris','United States Passport','288263','1977-06-06','15610041514',NULL),(59,2,'Noah Sheldon','United States Passport','392380','1953-12-01','15960444561',NULL),(60,2,'James Adams','United States Passport','175677','1990-11-04','14018812802',NULL),(61,2,'Павел Максимович Калашматов','Паспорт Российской федерации','688334','1953-08-02','73280491676',NULL),(62,2,'Elon Taylor','United States Passport','819639','1960-02-21','16930244278',NULL),(63,2,'Артём Максимилианович Цушко','Пасспорт України','831347','1966-10-24','38065559714',NULL),(64,2,'Anthony James','United States Passport','515922','1985-08-16','14633190821',NULL),(65,2,'Андрей Ибрагимович Шарашев','Паспорт Российской федерации','135660','2000-12-21','76561885097',NULL),(66,2,'Андрей Павлович Намойко','Пасспорт України','582007','1959-05-11','38035148381',NULL),(67,2,'Никита Артёмович Шарашев','Паспорт Российской федерации','761667','1980-11-25','76115363768',NULL),(68,2,'Alexander Garcia','United States Passport','254537','1990-11-26','17448477622',NULL),(69,2,'Liam Adams','United States Passport','526686','2001-05-06','17891757621',NULL),(70,2,'Elijah Wilson','United States Passport','748213','1994-07-28','19118756080',NULL),(71,2,'Jonathan Twist','United States Passport','320133','1952-01-28','14379264890',NULL),(72,2,'Marshall Miller','United States Passport','216326','1952-06-17','16392810887',NULL),(73,2,'Иван Егорович Шумейко','Пасспорт України','946090','1974-07-26','38032092103',NULL),(74,2,'Joshua Brown','United States Passport','468555','1988-01-21','12775163644',NULL),(75,2,'Павел Павлович Шароваров','Паспорт Российской федерации','894434','1976-04-02','76513344889',NULL),(76,2,'Дмитрий Максимович Лабуда','Паспорт Российской федерации','289649','1953-05-03','77340543893',NULL),(77,2,'Никита Абрамович Варенщук','Пасспорт України','219186','1961-10-08','38068453636',NULL),(78,2,'Oliver Davis','United States Passport','727717','1984-10-14','15938514288',NULL),(79,2,'Ибрагим Иванович Чацкий','Паспорт Российской федерации','843063','1990-11-27','71536526397',NULL),(80,2,'Павел Иосифич Булько','Пасспорт України','322687','1962-01-27','38050982255',NULL),(81,2,'Theodore Garcia','United States Passport','953399','1965-04-15','17535456252',NULL),(82,2,'Иосиф Андреевич Чацкий','Паспорт Российской федерации','730283','1980-05-07','78355547402',NULL),(83,2,'Alexander Williams','United States Passport','184880','2001-08-25','13265865714',NULL),(84,2,'Иосиф Дмитриевич Варенщук','Пасспорт України','603505','1950-03-01','38033993782',NULL),(85,2,'Артём Павлович Зуев','Паспорт Российской федерации','360550','1958-09-16','75946591498',NULL),(86,2,'Иосиф Дмитриевич Булько','Пасспорт України','194454','1958-05-17','38033545307',NULL),(87,2,'Никита Иванович Романов','Паспорт Российской федерации','324454','1996-09-11','74723378318',NULL),(88,2,'Артём Максимович Павлов','Паспорт Российской федерации','868556','1963-08-01','79590040250',NULL),(89,2,'Ибрагим Павлович Булько','Пасспорт України','340468','1965-03-16','38045650913',NULL),(90,2,'Егор Абрамович Парнюк','Пасспорт України','243450','1957-05-01','38063098148',NULL),(91,2,'Павел Максимилианович Залейко','Пасспорт України','421851','1970-03-23','38032556418',NULL),(92,2,'James Brown','United States Passport','597544','1956-08-10','18667475527',NULL),(93,2,'Marshall Garcia','United States Passport','266177','1991-08-13','12048455642',NULL),(94,2,'Абрам Максимович Таранец','Пасспорт України','984424','1997-08-04','38012681528',NULL),(95,2,'Ибрагим Никитович Павлов','Паспорт Российской федерации','368286','1975-05-09','75937083132',NULL),(96,2,'Александр Иосифич Варенщук','Пасспорт України','773767','1975-11-11','38092774248',NULL),(97,2,'Павел Ибрагимович Калашматов','Паспорт Российской федерации','609174','2002-05-10','71736385443',NULL),(98,2,'Liam Twist','United States Passport','822333','1953-07-11','13144592247',NULL),(99,2,'James Wilson','United States Passport','952265','1967-06-27','14669301760',NULL),(100,2,'Ибрагим Никитович Егоров','Паспорт Российской федерации','559461','2008-05-28','77797895855',NULL),(101,2,'Максимилиан Никитович Шумейко','Пасспорт України','686778','1960-07-22','38094634745',NULL),(102,2,'Егор Егорович Росавский','Пасспорт України','864016','1958-07-11','38021871174',NULL),(103,2,'Marshall Brown','United States Passport','846828','2009-01-04','17741744245',NULL),(104,2,'Андрей Павлович Шумейко','Пасспорт України','276410','2000-02-16','38022206869',NULL),(105,2,'Oliver Miller','United States Passport','339460','1963-07-03','13325827724',NULL),(106,2,'Anthony Harris','United States Passport','977431','1978-01-15','18903967239',NULL),(107,2,'Александр Максимович Васнецов','Паспорт Российской федерации','735131','1961-05-02','77783441903',NULL),(108,2,'Elijah Wilson','United States Passport','653673','1975-11-24','12072309474',NULL),(109,2,'Абрам Дмитриевич Низушко','Пасспорт України','886202','1968-01-16','38080920843',NULL),(110,2,'Егор Дмитриевич Сирко','Пасспорт України','985436','1997-01-22','38067351079',NULL),(111,2,'Артём Иванович Булько','Пасспорт України','561776','2000-05-18','38057625178',NULL),(112,2,'Абрам Андреевич Чацкий','Паспорт Российской федерации','664972','2006-01-20','71507044941',NULL),(113,2,'Артём Артёмович Чацкий','Паспорт Российской федерации','617888','1959-08-23','76688533312',NULL),(114,2,'Павел Иванович Марочко','Пасспорт України','471018','1995-04-16','38066156797',NULL),(115,2,'Максимилиан Иванович Парипенко','Пасспорт України','814488','1971-03-20','38047881726',NULL),(116,2,'Дмитрий Иванович Марцинкевич','Паспорт Российской федерации','609781','1962-12-27','76084293788',NULL),(117,2,'Noah Smith','United States Passport','228021','1991-05-02','15821585966',NULL),(118,2,'Иосиф Дмитриевич Лавров','Паспорт Российской федерации','459042','1982-08-10','79122355105',NULL),(119,2,'Александр Иосифич Егоров','Паспорт Российской федерации','670713','1978-07-24','76223245835',NULL),(120,2,'Абрам Артёмович Шароваров','Паспорт Российской федерации','629891','1959-03-13','79981263289',NULL),(121,2,'Артём Александрович Петров','Паспорт Российской федерации','729637','1952-08-11','75313641366',NULL),(122,2,'Максимилиан Иванович Варенщук','Пасспорт України','510217','1994-04-27','38095510936',NULL),(123,2,'Никита Абрамович Марочко','Пасспорт України','110055','2006-12-23','38022174236',NULL),(124,2,'Иван Андреевич Пиров','Паспорт Российской федерации','802794','2002-04-02','74820504821',NULL),(125,2,'Robert Smith','United States Passport','373055','1975-10-12','13497326880',NULL),(126,2,'Александр Артёмович Намойко','Пасспорт України','164528','1965-01-21','38023342464',NULL),(127,2,'Максимилиан Егорович Цушко','Пасспорт України','601108','1979-02-15','38095574251',NULL),(128,2,'Daniel Williams','United States Passport','264106','1990-08-17','18935498270',NULL),(129,2,'Ибрагим Егорович Пиров','Паспорт Российской федерации','515124','1989-10-25','73709930523',NULL),(130,2,'Максимилиан Александрович Марочко','Пасспорт України','122435','2009-10-15','38076628184',NULL),(131,2,'Павел Андреевич Сирко','Пасспорт України','295362','1959-07-09','38053120722',NULL),(132,2,'Артём Егорович Залейко','Пасспорт України','250873','1965-03-21','38017205916',NULL),(133,2,'Elijah Sheldon','United States Passport','421996','2007-12-19','19288459398',NULL),(134,2,'Иван Егорович Лавров','Паспорт Российской федерации','898288','1987-03-10','77300874403',NULL),(135,2,'Liam Davis','United States Passport','442767','1989-10-22','18516305326',NULL),(136,2,'Абрам Дмитриевич Павлов','Паспорт Российской федерации','223055','1951-12-27','78447740043',NULL),(137,2,'Павел Максимович Калашматов','Паспорт Российской федерации','694489','1982-06-17','71308868302',NULL),(138,2,'Артём Абрамович Марочко','Пасспорт України','287891','2006-07-05','38067692973',NULL),(139,2,'Максим Андреевич Залейко','Пасспорт України','250074','1996-11-03','38096883666',NULL),(140,2,'Абрам Артёмович Залейко','Пасспорт України','606943','1975-01-01','38080852870',NULL),(141,4,'Jonathan Harris','United States Passport','555537','1972-05-15','11527133789',NULL),(142,4,'Максим Дмитриевич Парнюк','Пасспорт України','924729','1957-05-15','38062794835',NULL),(143,4,'Максим Александрович Коломоец','Пасспорт України','800820','1953-10-12','38032438801',NULL),(144,4,'Иосиф Артёмович Павлов','Паспорт Российской федерации','403220','1991-12-21','71689927508',NULL),(145,4,'Иосиф Павлович Лавров','Паспорт Российской федерации','579741','2010-01-22','75171914247',NULL),(146,4,'Alexander Smith','United States Passport','964806','1991-10-03','12097118378',NULL),(147,4,'Иосиф Дмитриевич Парипенко','Пасспорт України','440047','1973-10-06','38090943607',NULL),(148,4,'Elon Davis','United States Passport','646241','1993-12-28','13079278971',NULL),(149,4,'Oliver Musk','United States Passport','588584','2010-03-24','15763065952',NULL),(150,4,'Максимилиан Максимович Варенщук','Пасспорт України','191842','2002-08-04','38088730248',NULL),(151,4,'Иосиф Александрович Залейко','Пасспорт України','495715','1970-11-24','38010834710',NULL),(152,4,'Артём Иосифич Павлов','Паспорт Российской федерации','230181','1974-07-21','78751691657',NULL),(153,4,'Alexander Wilson','United States Passport','137888','1964-02-18','17932697240',NULL),(154,4,'Robert Davis','United States Passport','781019','2006-10-01','15871673445',NULL),(155,4,'Максимилиан Максимилианович Булько','Пасспорт України','737683','2003-10-27','38093735334',NULL),(156,4,'James Brown','United States Passport','578559','1951-09-26','16257930002',NULL),(157,4,'Абрам Андреевич Лавров','Паспорт Российской федерации','575063','1974-11-10','78398358355',NULL),(158,4,'Иосиф Егорович Зуев','Паспорт Российской федерации','665114','1997-05-07','76993500517',NULL),(159,4,'Артём Александрович Сирко','Пасспорт України','130620','1988-11-10','38026959073',NULL),(160,4,'Максимилиан Иосифич Таранец','Пасспорт України','134212','1994-04-01','38040515915',NULL),(161,4,'Дмитрий Никитович Намойко','Пасспорт України','810100','2001-12-16','38097144407',NULL),(162,4,'Иосиф Андреевич Залейко','Пасспорт України','265590','2008-07-02','38074268077',NULL),(163,4,'Joshua Garcia','United States Passport','701033','2001-02-13','12034422130',NULL),(164,4,'Максим Дмитриевич Цушко','Пасспорт України','542859','1959-02-25','38040187385',NULL),(165,4,'Павел Артёмович Варенщук','Пасспорт України','598380','2003-10-08','38088125342',NULL),(166,4,'Дмитрий Иосифич Парипенко','Пасспорт України','651498','1955-02-07','38016731074',NULL),(167,5,'Максимилиан Максимилианович Шумейко','Пасспорт України','237275','1967-10-04','38062683003',NULL),(168,5,'Liam Taylor','United States Passport','548354','1975-11-03','12211071303',NULL),(169,5,'Никита Максимилианович Сирко','Пасспорт України','151544','1962-05-28','38084135057',NULL),(170,5,'Егор Ибрагимович Петров','Паспорт Российской федерации','130667','1992-04-03','77036094517',NULL),(171,5,'Максим Иосифич Волков','Паспорт Российской федерации','194103','1988-08-22','78477407162',NULL),(172,5,'Joshua Sheldon','United States Passport','660590','1978-08-26','18989847067',NULL),(173,5,'Абрам Иосифич Росавский','Пасспорт України','200532','2004-06-09','38025877418',NULL),(174,5,'Павел Дмитриевич Хитрук','Пасспорт України','847679','1966-01-10','38013700066',NULL),(175,5,'Jonathan Sheldon','United States Passport','542078','2002-01-16','19370009645',NULL),(176,5,'Theodore Davis','United States Passport','956658','1967-02-06','14541358541',NULL),(177,5,'Ибрагим Никитович Хитрук','Пасспорт України','531381','1985-03-20','38057401748',NULL),(178,5,'Ибрагим Дмитриевич Низушко','Пасспорт України','860296','1989-10-26','38092554253',NULL),(179,5,'Максим Никитович Зуев','Паспорт Российской федерации','887847','1959-12-22','75735937410',NULL),(180,5,'Michael Miller','United States Passport','651165','1970-06-18','14176325513',NULL),(181,5,'Никита Абрамович Залейко','Пасспорт України','928498','1968-11-27','38059620334',NULL),(182,5,'James Sheldon','United States Passport','551423','1986-06-02','18084461205',NULL),(183,5,'Никита Егорович Цушко','Пасспорт України','375141','2001-04-06','38083938736',NULL),(184,5,'Артём Александрович Чацкий','Паспорт Российской федерации','226406','1967-10-01','73042213991',NULL),(185,5,'Максимилиан Максимилианович Хитрук','Пасспорт України','545901','1991-04-04','38062683584',NULL),(186,5,'Ибрагим Максимович Парнюк','Пасспорт України','778967','2010-08-16','38027303582',NULL),(187,5,'Никита Никитович Шароваров','Паспорт Российской федерации','175534','1956-10-16','72606146006',NULL),(188,5,'Anthony Williams','United States Passport','470587','1995-08-15','15951750179',NULL),(189,5,'Alexander Martin','United States Passport','391140','1965-10-01','19693245678',NULL),(190,5,'Иосиф Ибрагимович Егоров','Паспорт Российской федерации','295419','2007-04-27','74535488125',NULL),(191,5,'Anthony Musk','United States Passport','909810','1962-11-22','12769251955',NULL),(192,5,'Alexander James','United States Passport','937356','1989-07-23','18764606548',NULL),(193,5,'Elon Brown','United States Passport','303543','1958-04-07','12022122573',NULL),(194,5,'Дмитрий Ибрагимович Лабуда','Паспорт Российской федерации','586878','2004-10-01','71889707800',NULL),(195,5,'Артём Абрамович Сирко','Пасспорт України','801629','1992-05-09','38014162893',NULL),(196,5,'Абрам Андреевич Нагой','Паспорт Российской федерации','123593','1954-02-06','77582671188',NULL),(197,5,'Егор Иванович Росавский','Пасспорт України','767544','2002-01-11','38065920985',NULL),(198,5,'Ибрагим Егорович Романов','Паспорт Российской федерации','547055','2006-01-07','77137848508',NULL),(199,5,'Дмитрий Андреевич Марочко','Пасспорт України','674473','1987-12-05','38088494714',NULL),(200,5,'Noah Musk','United States Passport','134005','2002-06-10','19730849205',NULL),(201,5,'Theodore Harris','United States Passport','579603','1988-12-22','11690914577',NULL),(202,5,'Максим Дмитриевич Шароваров','Паспорт Российской федерации','391251','1979-09-07','78587326924',NULL),(203,5,'James Taylor','United States Passport','843469','1988-09-27','13537084435',NULL),(204,5,'Артём Абрамович Марцинкевич','Паспорт Российской федерации','826121','2004-03-07','77201422144',NULL),(205,5,'Michael Musk','United States Passport','223965','1953-02-08','19082787163',NULL),(206,7,'Абрам Абрамович Абрамов','Паспорт Российской Федерации','2929292929','2003-02-02','79909999999',NULL),(207,8,'Иван Иванович Иванов','Паспорт Российской Федерации','4343434343','2001-01-01',NULL,NULL),(208,2,'Evkakii Eblan Olegovich','Пасспорт України','666666666666','2001-01-01','89004435211','pidor@hui.com'),(209,2,'Hui Pipidastrovich Eblanov','Паспорт Российской Федерации','777777777777','2201-01-01',NULL,NULL);
/*!40000 ALTER TABLE `tenant` ENABLE KEYS */;
UNLOCK TABLES;

--
-- Table structure for table `user`
--

DROP TABLE IF EXISTS `user`;
/*!40101 SET @saved_cs_client     = @@character_set_client */;
/*!50503 SET character_set_client = utf8mb4 */;
CREATE TABLE `user` (
  `id` int NOT NULL AUTO_INCREMENT,
  `username` varchar(16) NOT NULL,
  `pass_hash` varchar(128) NOT NULL,
  PRIMARY KEY (`id`),
  UNIQUE KEY `username` (`username`)
) ENGINE=InnoDB AUTO_INCREMENT=9 DEFAULT CHARSET=utf8mb4 COLLATE=utf8mb4_0900_ai_ci;
/*!40101 SET character_set_client = @saved_cs_client */;

--
-- Dumping data for table `user`
--

LOCK TABLES `user` WRITE;
/*!40000 ALTER TABLE `user` DISABLE KEYS */;
INSERT INTO `user` VALUES (1,'Guest','test_pass_hash0'),(2,'admin','pbkdf2:sha256:260000$4SIuDMLrq6qvBA0T$3b62f38a3d53b6c44aa6b35327132f77dd15cfc037693350dedde1c32731a82f'),(3,'user50','506745'),(4,'user55','555537'),(5,'user23','237275'),(6,'obeme','pbkdf2:sha256:260000$Mw8ESQDzsyCr0d1B$18a85f973228da5c0372f74be1290c95d2ea8e9bc9cd59c4940ab1d285bbc93f'),(7,'new_user_0','pbkdf2:sha256:260000$SK3MJg7K5kAds6Ce$7a3857485d423f2535dc4d94d9bf357c121d7d8f45eeb3c1a5c4e861e4a201f9'),(8,'ezhik','pbkdf2:sha256:260000$Ao2UblIqHjIaxItg$e144aed766ac326c0198dcbb6f6174ffb98866a022f47256d9c663c6f6bca9f6');
/*!40000 ALTER TABLE `user` ENABLE KEYS */;
UNLOCK TABLES;
/*!40103 SET TIME_ZONE=@OLD_TIME_ZONE */;

/*!40101 SET SQL_MODE=@OLD_SQL_MODE */;
/*!40014 SET FOREIGN_KEY_CHECKS=@OLD_FOREIGN_KEY_CHECKS */;
/*!40014 SET UNIQUE_CHECKS=@OLD_UNIQUE_CHECKS */;
/*!40101 SET CHARACTER_SET_CLIENT=@OLD_CHARACTER_SET_CLIENT */;
/*!40101 SET CHARACTER_SET_RESULTS=@OLD_CHARACTER_SET_RESULTS */;
/*!40101 SET COLLATION_CONNECTION=@OLD_COLLATION_CONNECTION */;
/*!40111 SET SQL_NOTES=@OLD_SQL_NOTES */;

-- Dump completed on 2022-05-27  1:53:53
